{
  "version": 1,
  "notes": "",
  "documentation": "\"This file is a QMK Configurator export. You can import this at <https://config.qmk.fm>. It can also be used directly with QMK's source code.\n\nTo setup your QMK environment check out the tutorial: <https://docs.qmk.fm/#/newbs>\n\nYou can convert this file to a keymap.c using this command: `qmk json2c {keymap}`\n\nYou can compile this keymap using this command: `qmk compile {keymap}`\"\n",
  "keyboard": "bastardkb/charybdis/3x5/v2/splinky_3",
  "keymap": "mralex07",
  "layout": "LAYOUT",
  "layers": [
    [
      "KC_Q",
      "KC_W",
      "KC_E",
      "KC_R",
      "KC_T",
      "KC_Y",
      "KC_U",
      "KC_I",
      "KC_O",
      "KC_P",
      "KC_A",
      "KC_S",
      "KC_D",
      "KC_F",
      "KC_G",
      "KC_H",
      "KC_J",
      "KC_K",
      "KC_L",
      "KC_SCLN",
      "KC_Z",
      "KC_X",
      "KC_C",
      "KC_V",
      "KC_B",
      "KC_N",
      "KC_M",
      "KC_COMM",
      "KC_DOT",
      "KC_SLSH",
      "LCTL_T(KC_BSPC)",
      "LSFT_T(KC_SPC)",
      "MO(1)",
      "MO(2)",
      "LGUI_T(KC_ENT)"
    ],
    [
      "RGB_TOG",
      "KC_MNXT",
      "KC_MPLY",
      "KC_MPRV",
      "KC_NO",
      "KC_LBRC",
      "KC_7",
      "KC_8",
      "KC_9",
      "KC_RBRC",
      "KC_LGUI",
      "KC_LALT",
      "KC_LCTL",
      "KC_LSFT",
      "KC_NO",
      "KC_PPLS",
      "KC_4",
      "KC_5",
      "KC_6",
      "KC_PMNS",
      "KC_NO",
      "KC_NO",
      "KC_NO",
      "EE_CLR",
      "QK_BOOT",
      "KC_PAST",
      "KC_1",
      "KC_2",
      "KC_3",
      "KC_PSLS",
      "KC_NO",
      "KC_NO",
      "KC_TRNS",
      "KC_NO",
      "KC_TRNS"
    ],
    [
      "KC_NO",
      "KC_NO",
      "KC_NO",
      "KC_NO",
      "KC_NO",
      "KC_NO",
      "KC_VOLU",
      "KC_MUTE",
      "KC_VOLD",
      "KC_NO",
      "KC_LEFT",
      "KC_UP",
      "KC_DOWN",
      "KC_RGHT",
      "KC_NO",
      "KC_NO",
      "KC_RSFT",
      "KC_RCTL",
      "KC_RALT",
      "KC_RGUI",
      "KC_HOME",
      "KC_PGUP",
      "KC_PGDN",
      "KC_END",
      "KC_NO",
      "QK_BOOT",
      "EE_CLR",
      "KC_NO",
      "KC_NO",
      "KC_NO",
      "KC_TRNS",
      "KC_TRNS",
      "KC_NO",
      "KC_TRNS",
      "KC_NO"
    ],
    [
      "KC_NO",
      "KC_NO",
      "KC_NO",
      "KC_NO",
      "KC_NO",
      "TG(3)",
      "KC_NO",
      "KC_NO",
      "KC_NO",
      "KC_NO",
      "KC_NO",
      "KC_NO",
      "KC_NO",
      "KC_NO",
      "KC_NO",
      "KC_NO",
      "KC_NO",
      "KC_NO",
      "KC_NO",
      "KC_NO",
      "KC_NO",
      "KC_NO",
      "KC_NO",
      "KC_NO",
      "KC_NO",
      "KC_WBAK",
      "KC_WHOM",
      "ANY(POINTER_DEFAULT_DPI_FORWARD)",
      "ANY(POINTER_DEFAULT_DPI_REVERSE)",
      "ANY(DRGSCRL)",
      "KC_NO",
      "KC_NO",
      "ANY(SNIPING_MODE)",
      "KC_BTN1",
      "KC_BTN2"
    ]
  ],
  "author": ""
}
